{"IcoMoonType":"selection","icons":[{"icon":{"paths":["M658.286 475.429c0-141.143-114.857-256-256-256s-256 114.857-256 256 114.857 256 256 256 256-114.857 256-256zM950.857 950.857c0 40-33.143 73.143-73.143 73.143-19.429 0-38.286-8-51.429-21.714l-196-195.429c-66.857 46.286-146.857 70.857-228 70.857-222.286 0-402.286-180-402.286-402.286s180-402.286 402.286-402.286 402.286 180 402.286 402.286c0 81.143-24.571 161.143-70.857 228l196 196c13.143 13.143 21.143 32 21.143 51.429z"],"width":950.8571428571428,"attrs":[],"isMulticolor":false,"isMulticolor2":false,"tags":["search"],"defaultCode":61442,"grid":14},"attrs":[],"properties":{"name":"search","id":6,"order":18,"prevSize":28,"code":61442},"setIdx":0,"setId":2,"iconIdx":6},{"icon":{"paths":["M584.571 548.571h180.571c-1.143-2.857-1.714-6.286-2.857-9.143l-121.143-283.429h-404.571l-121.143 283.429c-1.143 2.857-1.714 6.286-2.857 9.143h180.571l54.286 109.714h182.857zM877.714 565.714v275.429c0 20-16.571 36.571-36.571 36.571h-804.571c-20 0-36.571-16.571-36.571-36.571v-275.429c0-20.571 6.286-50.857 14.286-70.286l136-315.429c8-18.857 30.857-33.714 50.857-33.714h475.429c20 0 42.857 14.857 50.857 33.714l136 315.429c8 19.429 14.286 49.714 14.286 70.286z"],"width":877.7142857142857,"attrs":[],"isMulticolor":false,"isMulticolor2":false,"tags":["inbox"],"defaultCode":61468,"grid":14},"attrs":[],"properties":{"name":"inbox","id":31,"order":17,"prevSize":28,"code":61468},"setIdx":0,"setId":2,"iconIdx":31},{"icon":{"paths":["M585.143 402.286c0 9.714-4 18.857-10.857 25.714l-256 256c-6.857 6.857-16 10.857-25.714 10.857s-18.857-4-25.714-10.857l-256-256c-6.857-6.857-10.857-16-10.857-25.714 0-20 16.571-36.571 36.571-36.571h512c20 0 36.571 16.571 36.571 36.571z"],"width":585.1428571428571,"attrs":[],"isMulticolor":false,"isMulticolor2":false,"tags":["caret-down"],"defaultCode":61655,"grid":14},"attrs":[],"properties":{"name":"caret-down","id":191,"order":15,"prevSize":28,"code":61655},"setIdx":0,"setId":2,"iconIdx":191},{"icon":{"paths":["M219.429 420.571v109.714c0 30.286-24.571 54.857-54.857 54.857h-109.714c-30.286 0-54.857-24.571-54.857-54.857v-109.714c0-30.286 24.571-54.857 54.857-54.857h109.714c30.286 0 54.857 24.571 54.857 54.857zM512 420.571v109.714c0 30.286-24.571 54.857-54.857 54.857h-109.714c-30.286 0-54.857-24.571-54.857-54.857v-109.714c0-30.286 24.571-54.857 54.857-54.857h109.714c30.286 0 54.857 24.571 54.857 54.857zM804.571 420.571v109.714c0 30.286-24.571 54.857-54.857 54.857h-109.714c-30.286 0-54.857-24.571-54.857-54.857v-109.714c0-30.286 24.571-54.857 54.857-54.857h109.714c30.286 0 54.857 24.571 54.857 54.857z"],"width":804.5714285714286,"attrs":[],"isMulticolor":false,"isMulticolor2":false,"tags":["ellipsis-h"],"defaultCode":61761,"grid":14},"attrs":[],"properties":{"name":"ellipsis-h","id":287,"order":19,"prevSize":28,"code":61761},"setIdx":0,"setId":2,"iconIdx":287},{"icon":{"paths":["M658.286 457.143v36.571c0 10.286-8 18.286-18.286 18.286h-475.429c-10.286 0-18.286-8-18.286-18.286v-36.571c0-10.286 8-18.286 18.286-18.286h475.429c10.286 0 18.286 8 18.286 18.286zM731.429 713.143v-475.429c0-50.286-41.143-91.429-91.429-91.429h-475.429c-50.286 0-91.429 41.143-91.429 91.429v475.429c0 50.286 41.143 91.429 91.429 91.429h475.429c50.286 0 91.429-41.143 91.429-91.429zM804.571 237.714v475.429c0 90.857-73.714 164.571-164.571 164.571h-475.429c-90.857 0-164.571-73.714-164.571-164.571v-475.429c0-90.857 73.714-164.571 164.571-164.571h475.429c90.857 0 164.571 73.714 164.571 164.571z"],"width":804.5714285714286,"attrs":[],"isMulticolor":false,"isMulticolor2":false,"tags":["minus-square-o"],"defaultCode":61767,"grid":14},"attrs":[],"properties":{"name":"minus-square-o","id":293,"order":16,"prevSize":28,"code":61767},"setIdx":0,"setId":2,"iconIdx":293}],"height":1024,"metadata":{"name":"icomoon"},"preferences":{"showGlyphs":true,"showQuickUse":true,"showQuickUse2":true,"showSVGs":true,"fontPref":{"prefix":"icon-","metadata":{"fontFamily":"icomoon"},"metrics":{"emSize":1024,"baseline":6.25,"whitespace":50},"embed":false},"imagePref":{"prefix":"icon-","png":true,"useClassSelector":true,"color":0,"bgColor":16777215,"classSelector":".icon"},"historySize":50,"showCodes":true,"gridSize":16}}